method,scene,PSNR,SSIM,SAM,ERGAS,RMSE,UIQI,SCC
GLP,20230623T184509_T12SUF_20230621_tile007,48.647238,0.987161,0.816511,1.199512,0.003695,0.538830,0.738652
GLP,20230623T184509_T12SUF_20230621_tile008,49.465433,0.989313,1.302493,1.380950,0.003363,0.599925,0.799248
GLP,20231203T104832_T31RDP_20231205_tile005,37.277836,0.921144,0.458245,0.632539,0.013681,0.520078,0.823356
GLP,20231203T104832_T31RDP_20231205_tile006,35.024477,0.861639,0.466750,0.843964,0.017733,0.438848,0.785115
GLP,20231203T104832_T31RDP_20231205_tile010,38.036998,0.940273,0.474376,0.501485,0.012536,0.672934,0.816481
GLP,20250830T085101_T35KKT_20250829_tile005,35.134947,0.952576,0.657856,0.714700,0.017509,0.762129,0.842834
