method,n_scenes,avg_rank,PSNR↑,PSNR_rank,SSIM↑,SSIM_rank,SAM↓,SAM_rank,ERGAS↓,ERGAS_rank,RMSE↓,RMSE_rank,UIQI↑,UIQI_rank,SCC↑,SCC_rank,time_s_per_tile
SFIM,399,1.14,34.733882,1,0.912202,1,1.343651,2,1.177245,1,0.019687,1,0.827781,1,0.942631,1,0.24
Regression,399,1.86,33.891629,2,0.911475,2,1.334312,1,1.321858,2,0.021916,2,0.827743,2,0.924552,2,0.01
CNMF,399,3.43,32.752746,4,0.886263,3,1.461024,3,1.551748,3,0.025406,3,0.787816,3,0.892838,5,0.40
GLP,399,4.00,32.889544,3,0.857448,5,1.557196,4,1.560972,4,0.025936,4,0.761562,5,0.906274,3,0.35
MAPSMM,397,5.14,32.252372,5,0.848656,6,1.600879,5,1.596671,5,0.026884,5,0.738745,6,0.897142,4,11.30
HySure,399,5.43,32.150687,6,0.863998,4,1.996782,6,1.957721,6,0.031185,6,0.775672,4,0.878525,6,29.61
FUSE,399,7.86,30.828826,7,0.816072,8,3.813921,8,2.471976,9,0.037362,7,0.717091,8,0.860215,8,0.12
CSTF,399,8.00,28.507165,9,0.836012,7,4.605719,9,2.466070,8,0.039943,9,0.718553,7,0.870815,7,26.07
Bicubic,399,8.14,28.693131,8,0.665159,9,2.697650,7,2.286464,7,0.039043,8,0.304327,9,0.790882,9,0.02
