method,n_scenes,avg_rank,PSNR↑,PSNR_rank,SSIM↑,SSIM_rank,SAM↓,SAM_rank,ERGAS↓,ERGAS_rank,RMSE↓,RMSE_rank,UIQI↑,UIQI_rank,SCC↑,SCC_rank,time_s_per_tile
SFIM,399,1.00,34.733882,1,0.912202,1,1.343651,1,1.177245,1,0.019687,1,0.827781,1,0.942631,1,0.27
CNMF,399,2.43,32.752746,3,0.886263,2,1.461024,2,1.551748,2,0.025406,2,0.787816,2,0.892838,4,0.42
GLP,399,3.00,32.889544,2,0.857448,4,1.557196,3,1.560972,3,0.025936,3,0.761562,4,0.906274,2,0.39
MAPSMM,397,4.14,32.252372,4,0.848656,5,1.600879,4,1.596671,4,0.026884,4,0.738745,5,0.897142,3,12.29
HySure,399,4.43,32.150687,5,0.863998,3,1.996782,5,1.957721,5,0.031185,5,0.775672,3,0.878525,5,33.01
FUSE,399,6.86,30.828826,6,0.816072,7,3.813921,7,2.471976,8,0.037362,6,0.717091,7,0.860215,7,0.13
CSTF,399,7.00,28.507165,8,0.836012,6,4.605719,8,2.466071,7,0.039943,8,0.718553,6,0.870815,6,26.07
Bicubic,399,7.14,28.693131,7,0.665159,8,2.697650,6,2.286464,6,0.039043,7,0.304327,8,0.790882,8,0.02
